business_center,item_group,attribute_group
BAKERY,BREADS,BREADS/ROLLS
BAKERY,COOKIES/DESSERT AND SNACK BARS/BROWNIES,COOKIES
BAKERY,DESSERTS,CAKE
BAKERY,CROISSANTS,CROISSANTS
BAKERY,BREAKFAST BREADS/BREAKFAST PASTRIES,MUFFINS
BAKERY,BREAKFAST BREADS/BREAKFAST PASTRIES,BISCUITS
BAKERY,PASTRIES/SHELLS/CRUSTS,SHEET DOUGH
BAKERY,PASTRIES/SHELLS/CRUSTS,SHELLS/CRUSTS
BAKERY,FROSTINGS/ICING/TOPPINGS,DESSERT TOPPINGS
BAKERY,DESSERTS,PIE
BAKERY,DESSERTS,CHEESECAKE
BAKERY,BREAKFAST BREADS/BREAKFAST PASTRIES,DANISH
BAKERY,BREAKFAST BREADS/BREAKFAST PASTRIES,ENGLISH MUFFINS
BAKERY,BREAKFAST BREADS/BREAKFAST PASTRIES,BAGELS
BAKERY,BREAKFAST BREADS/BREAKFAST PASTRIES,DONUTS
BAKERY,BREAKFAST BREADS/BREAKFAST PASTRIES,CINNAMON ROLLS/SWEET ROLLS
BAKERY,COOKIES/DESSERT AND SNACK BARS/BROWNIES,BROWNIES/BLONDIES
BAKERY,BREAKFAST BREADS/BREAKFAST PASTRIES,SCONES
BAKERY,PASTRIES/SHELLS/CRUSTS,PASTRIES/MINI DESSERTS
BAKERY,FROSTINGS/ICING/TOPPINGS,FROSTINGS/ICING
BAKERY,COOKIES/DESSERT AND SNACK BARS/BROWNIES,DESSERT/SNACK BARS
BEEF,GROUND/DICED,BEEF PATTIES
BEEF,STEAKS/CHOPS/PORTION CUTS,BEEF STEAKS
BEEF,FURTHER PROCESSED BEEF,PHILLY SLICED BEEF
BEEF,FRANKS/HOT DOGS,BEEF HOT DOGS
BEEF,FURTHER PROCESSED BEEF,BEEF PROCESSED OTHER
BEEF,FURTHER PROCESSED BEEF,BREADED BEEF
BEEF,BOXED BEEF,BEEF THIN
BEEF,FURTHER PROCESSED BEEF,BEEF POT ROAST
BEEF,FURTHER PROCESSED BEEF,BEEF FAJITA MEAT/CARNE ASADA/BARBACOA
BEEF,STEAKS/CHOPS/PORTION CUTS,BEEF PORTION CUTS
BEEF,GROUND/DICED,BEEF MEATBALLS
BEEF,BOXED BEEF,BEEF LOINS
BEEF,LAMB/GOAT/VEAL,GROUND LAMB/GOAT/VEAL
BEEF,BOXED BEEF,BEEF BRISKET
BEEF,DELI WHOLE,BEEF ROAST
BEEF,BOXED BEEF,BEEF BONES/OFFAL
BEEF,GROUND/DICED,BEEF STEW MEAT
BEEF,FURTHER PROCESSED BEEF,PLANT-BASED BEEF ALTERNATIVE
BEEF,DELI WHOLE,BEEF CORNED
BEEF,PIZZA TOPPINGS,BEEF CRUMBLES
BEEF,BOXED BEEF,BEEF CHUCK
BEEF,BOXED BEEF,BEEF RIBS
BEEF,LAMB/GOAT/VEAL,LAMB/GOAT/VEAL PORTION CUTS
BEEF,LAMB/GOAT/VEAL,BOXED LAMB/GOAT/VEAL
BEEF,GROUND/DICED,DICED BEEF
BEEF,DELI SLICED,BEEF PASTRAMI
BEEF,FURTHER PROCESSED BEEF,BEEF PRIME RIB
BEEF,LAMB/GOAT/VEAL,LAMB/GOAT/VEAL STEW MEAT
BEEF,LAMB/GOAT/VEAL,LAMB/GOAT/VEAL BONES AND OFFAL
BEEF,FURTHER PROCESSED BEEF,BEEF TACO MEAT
BEEF,BOXED BEEF,BEEF ROUND
BEEF,GROUND/DICED,GROUND BEEF
BEEF,DELI WHOLE,ITALIAN MEATS
BEEF,DELI SLICED,BEEF CORNED
BEEF,DELI SLICED,BEEF ROAST
BEEF,LAMB/GOAT/VEAL,FURTHER PROCESSED LAMB/GOAT/VEAL
BEEF,FRANKS/HOT DOGS,BEEF CORN DOGS
BEEF,FURTHER PROCESSED BEEF,BEEF BARBEQUE
BEEF,DELI WHOLE,BEEF PASTRAMI
BEEF,GAME/EXOTIC,GROUND GAME/EXOTIC
BEEF,SAUSAGE,SMOKED SAUSAGE
BEEF,DELI SLICED,OTHER SLICED BEEF
BEEF,GAME/EXOTIC,FURTHER PROCESSED GAME/EXOTIC
BEVERAGE,ALCOHOL/MIXERS/SYRUPS,COCKTAIL MIXES
BEVERAGE,JUICE,JUICE 100%
BEVERAGE,JUICE,JUICE LESS THAN 100%
BEVERAGE,ALCOHOL/MIXERS/SYRUPS,SMOOTHIES/SHAKES
BEVERAGE,TEA,ICED TEA
BEVERAGE,COLD BEV READY TO DRINK,CARBONATED SOFT DRINKS
BEVERAGE,ALCOHOL/MIXERS/SYRUPS,SYRUPS/FLAVORINGS
BEVERAGE,COLD BEV READY TO DRINK,ENERGY/PROTEIN/SPORTS DRINKS
BEVERAGE,TEA,HOT TEA
BEVERAGE,COFFEE,GROUND/WHOLE BEAN COFFEE
BEVERAGE,COLD BEV DISPENSED,COLD BEV DISPENSED
BEVERAGE,ALCOHOL/MIXERS/SYRUPS,POWDERED DRINK MIXES
BEVERAGE,COFFEE,INSTANT/POWDER/POD/OTHER COFFEE
BEVERAGE,CAPPUCCINO,CAPPUCCINO
BEVERAGE,COCOA,COCOA
BEVERAGE,COLD BEV READY TO DRINK,ICED TEA READY TO DRINK
BEVERAGE,COFFEE,LIQUID CONCENTRATE COFFEE
BEVERAGE,COLD BEV READY TO DRINK,COFFEE READY TO DRINK
BEVERAGE,COLD BEV READY TO DRINK,NEW AGE/HOLISTIC BEVERAGE
CANNED,VEGETABLES,PEPPERS/PIMENTOS
CANNED,VEGETABLES,BEANS/PEAS
CANNED,FRUITS,CITRUS FRUIT
CANNED,FRUITS,PEACHES/PLUMS/OTHER STONE FRUIT
CANNED,FRUITS,BANANAS/TROPICAL FRUITS
CANNED,DRIED FRUITS/NUTS/SEEDS,DRIED FRUITS
CANNED,DRIED FRUITS/NUTS/SEEDS,NUTS/SEEDS
CANNED,VEGETABLES,CORN
CANNED,FRUITS,APPLES
CANNED,SAUCES/GRAVIES,TOMATO BASED SAUCES
CANNED,FRUITS,OLIVES
CANNED,VEGETABLES,BABY/SPECIALTY VEGETABLES
CANNED,VEGETABLES,SAUERKRAUT/CABBAGE
CANNED,VEGETABLES,POTATOES
CANNED,FRUITS,MIXED FRUIT/FRUIT COCKTAIL
CANNED,FRUITS,PEARS
CANNED,VEGETABLES,ROOT VEGETABLES
CANNED,VEGETABLES,ASPARAGUS/ARTICHOKE/CELERY
CANNED,VEGETABLES,MUSHROOMS
CANNED,VEGETABLES,SQUASH/EGGPLANT/PUMPKIN
CANNED,VEGETABLES,VEGETABLE MIXES/BLENDS
CANNED,FRUITS,BERRIES
CANNED,VEGETABLES,ASIAN VEGETABLES
CHEMICAL,SPECIALTY CHEMICALS,TEST STRIPS/SYSTEMS
CHEMICAL,CLEANING CHEMICALS,GLASS/MULTISURFACE CLEANERS
CHEMICAL,WAREWASH,WAREWASH
CHEMICAL,CLEANING CHEMICALS,DEGREASERS FOR GRILL/OVEN/FRYER
CHEMICAL,HAND/BODY CARE,HAND/BODY CARE
CHEMICAL,CHARCOAL,CHARCOAL BRIQUETTES/CHARCOAL LUMPS
CHEMICAL,SPECIALTY CHEMICALS,ODOR CONTROL
CHEMICAL,CLEANING CHEMICALS,FLOOR CARE
CHEMICAL,LAUNDRY,LAUNDRY
CHEMICAL,WATER SOFTENER/PEST CONTROL/ICE MELT,PEST CONTROL
CHEMICAL,WATER SOFTENER/PEST CONTROL/ICE MELT,ICE MELT
CHEMICAL,WATER SOFTENER/PEST CONTROL/ICE MELT,WATER SOFTENER SALT
CHEMICAL,CLEANING CHEMICALS,RESTROOM CLEANERS
CHEMICAL,SPECIALTY CHEMICALS,ICE/BEVERAGE EQUIPMENT CLEANERS
CHEMICAL,CLEANING CHEMICALS,DELIMER/DESCALER
CHEMICAL,SPECIALTY CHEMICALS,POLISHES
CHEMICAL,CHARCOAL,LIGHTER FLUID/STARTERS
CHEMICAL,FRUIT/VEGETABLE WASH,FRUIT/VEGETABLE WASH
CHEMICAL,CHARCOAL,WOOD
COMMODITIES,SHORTENING/OILS/COOKING SPRAYS,OILS/SHORTENING/BLENDS
COMMODITIES,SUGAR/SWEETENERS,SUGAR
COMMODITIES,FLOUR,FLOUR
COMMODITIES,SUGAR/SWEETENERS,SUGAR SUBSTITUTES
COMMODITIES,RICE/GRAINS,SEASONED RICE/BLENDS
COMMODITIES,BUTTER/MARGARINE/BLENDS,MARGARINE/BUTTER BLENDS/BUTTER ALTERNATIVE
COMMODITIES,RICE/GRAINS,MILLED WHITE RICE
COMMODITIES,RICE/GRAINS,AROMATIC RICE
COMMODITIES,SHORTENING/OILS/COOKING SPRAYS,OLIVE OIL/OLIVE OIL BLENDS
COMMODITIES,SHORTENING/OILS/COOKING SPRAYS,COOKING SPRAYS
COMMODITIES,RICE/GRAINS,COUSCOUS/QUINOA/POLENTA/BLACK RICE
COMMODITIES,RICE/GRAINS,BROWN RICE
COMMODITIES,RICE/GRAINS,GRAINS
CONVENIENCE,ENTREES/SIDES/MEAL KITS,ENTREES/SIDES
CONVENIENCE,SAUCES/DIPS,SAUCES/DIPS
CONVENIENCE,APPETIZERS,BREADED/BATTERED APPETIZERS
CONVENIENCE,SOUPS/CHILI/CHOWDER/BASES/BROTHS,SOUPS/CHOWDERS/BASES/BROTHS
CONVENIENCE,PIZZA PRODUCTS,PIZZA CRUST/DOUGH
CONVENIENCE,APPETIZERS,HISPANIC APPETIZERS
CONVENIENCE,APPETIZERS,HORS D'OEUVRES/SMALL BITES
CONVENIENCE,HANDHELD,ENTREE HANDHELD
CONVENIENCE,TORTILLAS/WRAPS,CUT TORTILLAS
CONVENIENCE,TORTILLAS/WRAPS,TORTILLAS/WRAPS
CONVENIENCE,PASTA,FROZEN PASTA
CONVENIENCE,HANDHELD,BREAKFAST HANDHELD
CONVENIENCE,APPETIZERS,ASIAN APPETIZERS
CONVENIENCE,PIZZA PRODUCTS,PRE-TOPPED PIZZA
CONVENIENCE,PANCAKES/WAFFLES/FRENCH TOAST/BLINTZS/CREPES,PANCAKES/WAFFLES/FRENCH TOAST
CONVENIENCE,SOUPS/CHILI/CHOWDER/BASES/BROTHS,CHILI
CONVENIENCE,ENTREES/SIDES/MEAL KITS,BREAKFAST ENTREE
CONVENIENCE,PANCAKES/WAFFLES/FRENCH TOAST/BLINTZS/CREPES,BLINTZS/CREPES
DAIRY,EGGS,PRE-COOKED EGGS
DAIRY,PROCESSED CHEESE,PROCESSED CHEESE
DAIRY,EGGS,LIQUID EGGS
DAIRY,CREAM CHEESE,CREAM CHEESE
DAIRY,YOGURT,YOGURT/DRINKABLE YOGURT
DAIRY,ICE CREAM/NOVELTIES/TREATS,ICE CREAM/FROZEN YOGURT/SHERBET/SORBET/GELATO
DAIRY,CULTURES,SOUR CREAM
DAIRY,CREAM/CREAMERS/TOPPINGS,DAIRY TOPPINGS
DAIRY,EGGS,SHELL EGGS
DAIRY,ITALIAN CHEESE,HARD ITALIAN CHEESE
DAIRY,CREAM/CREAMERS/TOPPINGS,CREAM
DAIRY,ICE CREAM/NOVELTIES/TREATS,ICE CREAM MIX/YOGURT MIX
DAIRY,MILK,MILK
DAIRY,ICE CREAM/NOVELTIES/TREATS,FROZEN NOVELTIES
DAIRY,BUTTER,BUTTER
DAIRY,TRADITIONAL CHEESE,NATURAL CHEESE
DAIRY,ITALIAN CHEESE,MOZZARELLA/PROVOLONE
DAIRY,CREAM/CREAMERS/TOPPINGS,COFFEE CREAMER
DAIRY,TRADITIONAL CHEESE,SPECIALTY CHEESE
DAIRY,DAIRY ALTERNATIVES,TOPPINGS ALTERNATIVES
DAIRY,DAIRY ALTERNATIVES,MILK ALTERNATIVES
DAIRY,ICE CREAM/NOVELTIES/TREATS,REFRIGERATED PUDDINGS
DAIRY,DAIRY ALTERNATIVES,ICE CREAM MIX/YOGURT MIX ALTERNATIVES
DAIRY,DAIRY ALTERNATIVES,COFFEE CREAMER ALTERNATIVES
DAIRY,ITALIAN CHEESE,SOFT ITALIAN CHEESE
DAIRY,PROCESSED CHEESE,CHEESE SPREADS
DAIRY,CULTURES,COTTAGE CHEESE
DAIRY,TRADITIONAL CHEESE,HISPANIC CHEESE
DAIRY,DAIRY ALTERNATIVES,EGG ALTERNATIVES
DAIRY,DAIRY ALTERNATIVES,CHEESE ALTERNATIVES
DAIRY,DAIRY ALTERNATIVES,CREAM ALTERNATIVES
DAIRY,DAIRY ALTERNATIVES,ICE CREAM/FROZEN YOGURT/SHERBET/SORBET/GELATO ALTERNATIVES
DAIRY,DAIRY ALTERNATIVES,CREAM CHEESE ALTERNATIVES
DISPOSABLES,BEVERAGE CUPS/LIDS/STRAWS/CARRIERS,BEVERAGE CUPS
DISPOSABLES,CUTLERY/DIET KITS,CUTLERY/CUTLERY KITS
DISPOSABLES,CONTAINERS/LIDS,TO-GO CONTAINERS AND LIDS
DISPOSABLES,TRASH CAN LINERS/TRASH BAGS,TRASH CAN LINERS/TRASH BAGS
DISPOSABLES,FOOD WRAPS,PLASTIC ROLLS/SHEETS/WRAPS
DISPOSABLES,CARRYOUT BAGS/FOOD STORAGE BAGS/PAN LINERS,CARRYOUT BAGS
DISPOSABLES,FOOD WRAPS,PAPER ROLLS/PAPER SHEETS/PAPER WRAPS
DISPOSABLES,TOWELS/TISSUES/NAPKINS/WIPERS,DISPOSABLE TOWELS
DISPOSABLES,GUEST CHECKS/FORMS/REGISTER ROLLS/RIBBONS,REGISTER ROLLS
DISPOSABLES,PIZZA BOXES/CIRCLES,PIZZA BOXES
DISPOSABLES,BEVERAGE CUPS/LIDS/STRAWS/CARRIERS,BEVERAGE STRAWS/STIRRERS/SLEEVES
DISPOSABLES,TABLEWARE,TRAYS/PLATTERS/LIDS
DISPOSABLES,CONTAINERS/LIDS,SOUFFLEE/PORTION CUPS AND LIDS
DISPOSABLES,DISPOSABLE GLOVES/APPAREL,DISPOSABLE GLOVES
DISPOSABLES,BEVERAGE CUPS/LIDS/STRAWS/CARRIERS,BEVERAGE LIDS/CAPS
DISPOSABLES,FOOD WRAPS,FOIL ROLLS/FOIL SHEETS/FOIL WRAPS
DISPOSABLES,CUTLERY/DIET KITS,SERVING UTENSILS
DISPOSABLES,CONTAINERS/LIDS,FOOD PANS AND LIDS
DISPOSABLES,CARRYOUT BAGS/FOOD STORAGE BAGS/PAN LINERS,FOOD STORAGE BAGS/SANDWICH BAGS/PAN LINERS
DISPOSABLES,TOWELS/TISSUES/NAPKINS/WIPERS,DISPOSABLE WIPER TOWELS/WIPES/TOWELETTES
DISPOSABLES,BEVERAGE CUPS/LIDS/STRAWS/CARRIERS,BEVERAGE CUP CARRIERS
DISPOSABLES,TABLEWARE,PLATES/BOWLS/LIDS
DISPOSABLES,BEVERAGE CUPS/LIDS/STRAWS/CARRIERS,BEVERAGE DISPENSERS/JUGS/CADDIES
DISPOSABLES,DISPENSERS/SUPPLIES,OIL/GREASE FILTERS
DISPOSABLES,CONTAINERS/LIDS,BOXES/CARTONS/PAILS/FOLDABLE CONTAINERS
DISPOSABLES,TOWELS/TISSUES/NAPKINS/WIPERS,DISPOSABLE NAPKINS/NAPKIN BANDS
DISPOSABLES,TOWELS/TISSUES/NAPKINS/WIPERS,FACIAL TISSUE
DISPOSABLES,TOWELS/TISSUES/NAPKINS/WIPERS,BATH TISSUE
DISPOSABLES,STICKS/PICKS/SKEWERS,SKEWERS
DISPOSABLES,STICKS/PICKS/SKEWERS,STICKS
DISPOSABLES,PIZZA BOXES/CIRCLES,PIZZA CIRCLES/ACCESSORIES
DISPOSABLES,DISPENSERS/SUPPLIES,COFFEE/TEA FILTERS
DISPOSABLES,DISPOSABLE GLOVES/APPAREL,DISPOSABLE HATS/CAPS/HAIRNETS/BEARD COVER
DISPOSABLES,TABLEWARE,PLACEMATS/TRAY COVERS/TABLE COVERS/DOILIES
DISPOSABLES,TABLEWARE,CATERING TRAYS/PLATTERS/BOWLS/LIDS
DISPOSABLES,FOOD WRAPS,BASKET LINERS/MENU TISSUE/DELI TISSUE
DISPOSABLES,GUEST CHECKS/FORMS/REGISTER ROLLS/RIBBONS,GUEST CHECKS/FORMS
DISPOSABLES,TOWELS/TISSUES/NAPKINS/WIPERS,SANITARY COVERS/BANDS
DISPOSABLES,DISPOSABLE GLOVES/APPAREL,DISPOSABLE APRONS/BIBS
DISPOSABLES,STICKS/PICKS/SKEWERS,PICKS/MARKERS
DISPOSABLES,FOOD WRAPS,CHEESE CLOTHS/MESH WRAPS
DISPOSABLES,GUEST CHECKS/FORMS/REGISTER ROLLS/RIBBONS,REGISTER RIBBONS
DISPOSABLES,DISPOSABLE GLOVES/APPAREL,DISPOSABLE MASKS/COATS/SHOE COVERS
DISPOSABLES,FOOD WRAPS,BAKEWARE MOLDS AND CUPS
FROZEN FRUITS & VEGETABLES,VEGETABLES,CORN
FROZEN FRUITS & VEGETABLES,FRUITS,BERRIES
FROZEN FRUITS & VEGETABLES,VEGETABLES,VEGETABLE MIXES/BLENDS
FROZEN FRUITS & VEGETABLES,VEGETABLES,BEANS/PEAS
FROZEN FRUITS & VEGETABLES,FRUITS,BANANAS/TROPICAL FRUITS
FROZEN FRUITS & VEGETABLES,FRUITS,PEACHES/PLUMS/OTHER STONE FRUIT
FROZEN FRUITS & VEGETABLES,FRUITS,FRUIT PUREES/PULPS/SAUCES
FROZEN FRUITS & VEGETABLES,VEGETABLES,BROCCOLI/CAULIFLOWER
FROZEN FRUITS & VEGETABLES,VEGETABLES,SQUASH/EGGPLANT/PUMPKIN
FROZEN FRUITS & VEGETABLES,VEGETABLES,LEAFY GREENS/HERBS
FROZEN FRUITS & VEGETABLES,VEGETABLES,PEPPERS/PIMENTOS
FROZEN FRUITS & VEGETABLES,FRUITS,GUACAMOLE
FROZEN FRUITS & VEGETABLES,FRUITS,APPLES
FROZEN FRUITS & VEGETABLES,VEGETABLES,BABY/SPECIALTY VEGETABLES
FROZEN FRUITS & VEGETABLES,VEGETABLES,ASPARAGUS/ARTICHOKE/CELERY
FROZEN FRUITS & VEGETABLES,VEGETABLES,ROOT VEGETABLES
FROZEN FRUITS & VEGETABLES,FRUITS,AVOCADO
FROZEN FRUITS & VEGETABLES,FRUITS,MIXED FRUIT
FROZEN POTATOES,FRENCH FRIES,FRENCH FRIES
FROZEN POTATOES,SPECIALTY POTATOES,SPECIALTY POTATOES
GROCERY,SNACKS/POPCORN,CHIPS
GROCERY,CRACKERS/COOKIES/CONES,CONES
GROCERY,SALAD DRESSING,SALAD DRESSING
GROCERY,CONDIMENTS,BBQ SAUCE
GROCERY,CONDIMENTS,KETCHUP
GROCERY,PICKLES/RELISH/PICKLED VEGETABLES,PICKLES
GROCERY,CONDIMENTS,MAYONNAISE/WHITE SALAD DRESSING
GROCERY,SAUCES/GRAVIES,SAUCES
GROCERY,SEASONINGS/SPICES/HERBS,SEASONINGS/SPICE BLENDS
GROCERY,CONDIMENTS,MUSTARD
GROCERY,SEASONINGS/SPICES/HERBS,SALT/PEPPER
GROCERY,SUGAR/SWEETENERS,SYRUPS
GROCERY,CONDIMENTS,HOT SAUCE
GROCERY,CRACKERS/COOKIES/CONES,CRACKERS
GROCERY,CRACKERS/COOKIES/CONES,COOKIES
GROCERY,BREADINGS/BATTERS/STUFFINGS,BREADINGS/BATTERS
GROCERY,SPREADS,JAMS/JELLIES/PRESERVES/FRUIT SPREADS
GROCERY,HOT/COLD CEREAL,COLD CEREAL
GROCERY,SAUCES/GRAVIES,PICANTE/SALSA/ENCHILADA SAUCE
GROCERY,PASTA,PASTA
GROCERY,BAKING/SPECIALTY MIXES,BISCUIT MIX
GROCERY,SAUCES/GRAVIES,GRAVIES
GROCERY,SAUCES/GRAVIES,WING SAUCE
GROCERY,CONDIMENTS,COCKTAIL/TARTAR SAUCE
GROCERY,CANDY,CANDY (NON-CHOCOLATE)
GROCERY,BAKING INGREDIENTS/SPECIALTY CHOCOLATES,EXTRACTS/FOOD COLORINGS
GROCERY,SOUPS/BASES,BASES/BOUILLON
GROCERY,BAKING INGREDIENTS/SPECIALTY CHOCOLATES,CORNSTARCH/BAKING SODA/YEAST
GROCERY,PANCAKES/WAFFLES/FRENCH TOAST,PANCAKE/WAFFLE SYRUP
GROCERY,BAKING INGREDIENTS/SPECIALTY CHOCOLATES,BAKING CHIPS/COCOA POWDER
GROCERY,BAKING INGREDIENTS/SPECIALTY CHOCOLATES,DESSERT/ICE CREAM TOPPINGS
GROCERY,BAKING/SPECIALTY MIXES,CORNBREAD MIX
GROCERY,SNACKS/POPCORN,PRETZELS
GROCERY,BAKING/SPECIALTY MIXES,BROWNIE MIX
GROCERY,CHILI,CHILI
GROCERY,SEASONINGS/SPICES/HERBS,SPICES/HERBS/DRIED PEPPERS
GROCERY,BAKING INGREDIENTS/SPECIALTY CHOCOLATES,COCONUT FLAKES
GROCERY,SPREADS,PEANUT BUTTER/NUT BUTTER
GROCERY,CONDIMENTS,HORSERADISH
GROCERY,PICKLES/RELISH/PICKLED VEGETABLES,PEPPEROCINI/CHERRY PEPPERS/BANANA PEPPERS
GROCERY,SNACKS/POPCORN,BREAKFAST/SNACK/NUTRITIONAL BARS
GROCERY,VINEGAR,VINEGAR
GROCERY,SALAD TOPPINGS/CROUTONS,SALAD TOPPINGS/CROUTONS
GROCERY,NUTS/SEEDS,NUTS/SEEDS
GROCERY,SNACKS/POPCORN,POPCORN
GROCERY,PICKLES/RELISH/PICKLED VEGETABLES,RELISH
GROCERY,CONDIMENTS,WORCESTERSHIRE/STEAK SAUCE
GROCERY,BAKING/SPECIALTY MIXES,PUDDING MIXES/GELATIN
GROCERY,BAKING/SPECIALTY MIXES,CAKE MIX
GROCERY,BAKING INGREDIENTS/SPECIALTY CHOCOLATES,MELTING/ENROBING CHOCOLATES
GROCERY,HOT/COLD CEREAL,HOT CEREAL
GROCERY,SPREADS,SNACK FOOD DIPS/SPREADS
GROCERY,PANCAKES/WAFFLES/FRENCH TOAST,PANCAKE/WAFFLE MIX
GROCERY,SNACKS/POPCORN,SNACK MIX
GROCERY,HARD TACO/TOSTADA SHELLS,HARD TACO/TOSTADA SHELLS
GROCERY,BAKING/SPECIALTY MIXES,SPECIALTY MIX
GROCERY,SPREADS,HONEY
GROCERY,CANDY,CANDY BARS (CHOCOLATE)/CHOCOLATE CANDY
GROCERY,BAKING INGREDIENTS/SPECIALTY CHOCOLATES,PIE/PASTRY FILLINGS
GROCERY,BREADINGS/BATTERS/STUFFINGS,STUFFINGS
GROCERY,BABY FOOD/FORMULA,BABY FOOD/FORMULA
GROCERY,BAKING INGREDIENTS/SPECIALTY CHOCOLATES,CHOCOLATE CUPS/DECORATIONS
GROCERY,BAKING INGREDIENTS/SPECIALTY CHOCOLATES,FROSTING/ICING/SWEET SPREADS
GROCERY,PICKLES/RELISH/PICKLED VEGETABLES,GIARDINIERA
GROCERY,HEALTHCARE SUPPLEMENTS/THICKENED BEVERAGES,HEALTHCARE PUREES
GROCERY,ENTREES/SIDES,ENTREES/SIDES
GROCERY,PICKLES/RELISH/PICKLED VEGETABLES,PICKLED VEGETABLES
GROCERY,HEALTHCARE SUPPLEMENTS/THICKENED BEVERAGES,SUPPLEMENTS
GROCERY,SNACKS/POPCORN,MEAT SNACKS
GROCERY,SNACKS/POPCORN,FRUIT SNACKS
GROCERY,BAKING/SPECIALTY MIXES,MUFFIN MIX
GROCERY,BAKING/SPECIALTY MIXES,BREAD/BUN MIX
GROCERY,BAKING/SPECIALTY MIXES,COOKIE MIX
PORK,DELI WHOLE,DELI WHOLE HAMS
PORK,BACON,BACON BITS/ENDS/PIECES
PORK,FURTHER PROCESSED PORK,PORK BARBEQUE
PORK,STEAKS/CHOPS/PORTION CUTS,PORK CHOPS
PORK,BOXED PORK,PORK RIBS
PORK,SAUSAGE,BREAKFAST SAUSAGE
PORK,GROUND/DICED,GROUND PORK
PORK,SAUSAGE,SMOKED SAUSAGE
PORK,BOXED PORK,PORK LOINS
PORK,BOXED PORK,PORK BONES/OFFAL
PORK,BOXED PORK,PORK BELLIES
PORK,BOXED PORK,PORK SHOULDERS/BUTTS
PORK,PIZZA TOPPINGS,PEPPERONI
PORK,FRANKS/HOT DOGS,PORK CORN DOGS
PORK,BACON,RAW BACON
PORK,FRANKS/HOT DOGS,PORK HOT DOGS
PORK,DELI SLICED,ITALIAN MEATS
PORK,FURTHER PROCESSED PORK,PORK PATTIES
PORK,BACON,PRE-COOKED BACON
PORK,SAUSAGE,CHORIZO
PORK,STEAKS/CHOPS/PORTION CUTS,PORK STEAKS
PORK,GROUND/DICED,DICED PORK
PORK,DELI SLICED,DELI SLICED HAMS
PORK,DELI WHOLE,ITALIAN MEATS
PORK,FURTHER PROCESSED PORK,CARNITAS
PORK,STEAKS/CHOPS/PORTION CUTS,PORK PORTION CUTS
PORK,PIZZA TOPPINGS,SAUSAGE CRUMBLES
PORK,PIZZA TOPPINGS,QUARTERED HAM
PORK,FURTHER PROCESSED PORK,PORK PROCESSED OTHER
PORK,BOXED PORK,PORK HAMS (UNCURED)
PORK,FURTHER PROCESSED PORK,PORK SLICED
PORK,FURTHER PROCESSED PORK,PORK OSSO BUCO
PORK,FURTHER PROCESSED PORK,PLANT-BASED PORK ALTERNATIVE
PORK,PIZZA TOPPINGS,CANADIAN BACON
PORK,FURTHER PROCESSED PORK,PORK FRITTER
PORK,BOXED PORK,PORK TRIMMINGS
PORK,PIZZA TOPPINGS,PORK ROLL
POULTRY,INDIVIDUALLY FROZEN CHICKEN,CHICKEN BREASTS
POULTRY,FURTHER PROCESSED CHICKEN,CHICKEN TENDERS/CHICKEN BREAST STRIPS
POULTRY,FRESH CHICKEN,CHICKEN GIZZARDS/LIVERS/OFFAL
POULTRY,DELI WHOLE,DELI WHOLE TURKEY
POULTRY,FURTHER PROCESSED CHICKEN,CHICKEN BREASTS/STUFFED CHICKEN BREASTS
POULTRY,FRESH CHICKEN,CHICKEN WINGS
POULTRY,FURTHER PROCESSED CHICKEN,DICED CHICKEN/PULLED CHICKEN/INGREDIENT CHICKEN
POULTRY,FRESH CHICKEN,WHOLE CHICKEN CUTS
POULTRY,FRESH CHICKEN,CHICKEN LEGS
POULTRY,INDIVIDUALLY FROZEN CHICKEN,CHICKEN WINGS
POULTRY,FRESH CHICKEN,CHICKEN BREASTS
POULTRY,FURTHER PROCESSED CHICKEN,CHICKEN NUGGETS/CHICKEN PATTIES/CHICKEN CHUNKS
POULTRY,FRESH CHICKEN,CHICKEN TENDERS
POULTRY,FRESH CHICKEN,CHICKEN THIGHS
POULTRY,FURTHER PROCESSED CHICKEN,CHICKEN WINGS
POULTRY,GROUND,POULTRY GROUND PATTIES
POULTRY,TURKEY,WHOLE TURKEY
POULTRY,TURKEY,FULLY COOKED TURKEY
POULTRY,SAUSAGE,BREAKFAST SAUSAGE
POULTRY,FURTHER PROCESSED CHICKEN,WHOLE CHICKEN CUTS
POULTRY,TURKEY,READY TO COOK TURKEY
POULTRY,FRANKS/HOT DOGS,CHICKEN CORN DOGS
POULTRY,FURTHER PROCESSED CHICKEN,CHICKEN THIGHS
POULTRY,INDIVIDUALLY FROZEN CHICKEN,CHICKEN THIGHS
POULTRY,INDIVIDUALLY FROZEN CHICKEN,CHICKEN LEGS
POULTRY,FURTHER PROCESSED CHICKEN,CHICKEN LEGS
POULTRY,DELI SLICED,DELI SLICED TURKEY
POULTRY,SAUSAGE,SAUSAGE
POULTRY,FURTHER PROCESSED CHICKEN,PHILLY SLICED CHICKEN
POULTRY,FURTHER PROCESSED CHICKEN,PLANT-BASED POULTRY ALTERNATIVE
POULTRY,GROUND,GROUND TURKEY
POULTRY,DELI WHOLE,DELI WHOLE CHICKEN
POULTRY,FRESH CHICKEN,WHOLE CHICKEN
POULTRY,BACON,TURKEY BACON
POULTRY,INDIVIDUALLY FROZEN CHICKEN,CHICKEN TENDERS
POULTRY,FRANKS/HOT DOGS,TURKEY FRANKS/HOT DOGS
POULTRY,INDIVIDUALLY FROZEN CHICKEN,WHOLE CHICKEN CUTS
POULTRY,QUAIL/DUCK/OTHER POULTRY,DUCK
POULTRY,FRANKS/HOT DOGS,TURKEY CORN DOGS
POULTRY,FURTHER PROCESSED CHICKEN,CHICKEN GIZZARDS/LIVERS/OFFAL
POULTRY,GROUND,GROUND CHICKEN
POULTRY,INDIVIDUALLY FROZEN CHICKEN,CHICKEN GIZZARDS/LIVERS/OFFAL
POULTRY,FRESH CHICKEN,CHICKEN THIGH LEG MIX
POULTRY,QUAIL/DUCK/OTHER POULTRY,CORNISH HEN
POULTRY,QUAIL/DUCK/OTHER POULTRY,OTHER POULTRY
PRODUCE,SALADS,REFRIGERATED SALADS
PRODUCE,VEGETABLES,POTATOES
PRODUCE,FRUITS,CITRUS FRUIT
PRODUCE,FRUITS,MIXED FRUIT
PRODUCE,VEGETABLES,BROCCOLI/CAULIFLOWER
PRODUCE,FRUITS,AVOCADO
PRODUCE,VEGETABLES,ASPARAGUS/ARTICHOKE/CELERY
PRODUCE,JUICE,JUICE 100%
PRODUCE,FRUITS,APPLES
PRODUCE,FRUITS,GRAPES
PRODUCE,VEGETABLES,HERBS
PRODUCE,VEGETABLES,SQUASH/EGGPLANT/PUMPKIN
PRODUCE,VEGETABLES,SAUERKRAUT/CABBAGE
PRODUCE,VEGETABLES,CUCUMBERS
PRODUCE,FRUITS,BERRIES
PRODUCE,VEGETABLES,ROOT VEGETABLES
PRODUCE,VEGETABLES,MUSHROOMS
PRODUCE,VEGETABLES,PEPPERS/PIMENTOS
PRODUCE,VEGETABLES,BEANS/PEAS
PRODUCE,FRUITS,BANANAS/TROPICAL FRUITS
PRODUCE,FRUITS,MELONS
PRODUCE,FRUITS,GUACAMOLE
PRODUCE,FRUITS,PEARS
PRODUCE,TOFU,TOFU
PRODUCE,PLANTS/FLOWERS,PLANTS/FLOWERS
PRODUCE,VEGETABLES,CORN
PRODUCE,VEGETABLES,BABY/SPECIALTY VEGETABLES
PRODUCE,FRUITS,PEACHES/PLUMS/OTHER STONE FRUIT
PRODUCE,VEGETABLES,ASIAN VEGETABLES
SEAFOOD,ALLIGATOR/FROG/EXOTIC SEAFOOD,ALLIGATOR/FROG/EXOTIC SEAFOOD
SEAFOOD,FINFISH,SALMON
SEAFOOD,FINFISH,CATFISH/PANGASIUS
SEAFOOD,SHELLFISH,VALUE ADDED SHELLFISH
SEAFOOD,SHELLFISH,SHRIMP/PRAWNS
SEAFOOD,SHELLFISH,SQUID/OCTOPUS/CUTTLEFISH
SEAFOOD,SHELLFISH,CRAB/CRAB MEAT/IMITATION CRAB
SEAFOOD,FINFISH,TUNA
SEAFOOD,FINFISH,TILAPIA
SEAFOOD,FINFISH,TROPICAL
SEAFOOD,SHELLFISH,CLAMS/MUSSELS/SCALLOPS/OYSTERS
SEAFOOD,FINFISH,MAHI
SEAFOOD,SHELLFISH,LOBSTER/CRAYFISH
SEAFOOD,FINFISH,VALUE ADDED FINFISH
SEAFOOD,FINFISH,GROUNDFISH
SEAFOOD,FINFISH,OTHER FINFISH
SEAFOOD,CANNED SEAFOOD,CANNED SEAFOOD
SEAFOOD,FINFISH,LAKEFISH
SEAFOOD,SUSHI/SEAWEED,SUSHI ROLLS
SEAFOOD,ALLIGATOR/FROG/EXOTIC SEAFOOD,CAVIAR/ROE
SUPPLIES & EQUIPMENT,DISPENSERS,DISPOSABLES DISPENSER
SUPPLIES & EQUIPMENT,KITCHEN SUPPLIES,THERMOMETERS
SUPPLIES & EQUIPMENT,TABLEWARE,FLATWARE
SUPPLIES & EQUIPMENT,FOOD ROTATION/SAFETY LABELS,FOOD ROTATION/SAFETY LABELS
SUPPLIES & EQUIPMENT,JANITORIAL SANITATION,SCRUBBERS/PADS/SPONGES
SUPPLIES & EQUIPMENT,JANITORIAL SANITATION,FLOOR CLEANING SUPPLIES
SUPPLIES & EQUIPMENT,BANQUET/BUFFET/CATERING SUPPLIES,CHAFING FUEL/LIGHTERS/LIQUID WAX/CANDLES/BUTANE
SUPPLIES & EQUIPMENT,DISPENSERS,BEVERAGE DISPENSER
SUPPLIES & EQUIPMENT,KITCHEN SUPPLIES,KITCHEN UTENSILS/FOOD PREP
SUPPLIES & EQUIPMENT,APPAREL/TEXTILES,GLOVES/MITS/HOLDERS/GRABBERS
SUPPLIES & EQUIPMENT,JANITORIAL SANITATION,CLEANING/SUPPLIES
SUPPLIES & EQUIPMENT,DISPENSERS,CHEMICAL DISPENSER
SUPPLIES & EQUIPMENT,APPAREL/TEXTILES,TEXTILES
SUPPLIES & EQUIPMENT,TABLEWARE,TABLEWARE ACCESSORIES
SUPPLIES & EQUIPMENT,APPAREL/TEXTILES,APPAREL
SUPPLIES & EQUIPMENT,KITCHEN SUPPLIES,BAKERY SUPPLIES
SUPPLIES & EQUIPMENT,KITCHEN SUPPLIES,BAKEWARE/COOKWARE
SUPPLIES & EQUIPMENT,BEVERAGEWARE,BEVERAGE GLASSES
SUPPLIES & EQUIPMENT,STORAGE/TRANSPORT,FOOD STORAGE
SUPPLIES & EQUIPMENT,STORAGE/TRANSPORT,TOTES/STORAGE
SUPPLIES & EQUIPMENT,DINING ROOM/BAR SUPPLIES,BAR SUPPLIES
SUPPLIES & EQUIPMENT,EQUIPMENT/FIXTURES/FURNITURE,PARTS/FIXTURES
SUPPLIES & EQUIPMENT,BEVERAGEWARE,COCKTAIL/BAR GLASSES
